,CASE_NUMBER,DETAILED_DESCRIPTION
0,2556983,Attempts to collect debt not owed
1,2383241,Cont'd attempts collect debt not owed
2,2532647,Trouble during payment process
3,2371574,"Loan servicing, payments, escrow account"
4,2432049,Deposits and withdrawals
5,2556286,Improper use of your report
6,2416625,Deposits and withdrawals
7,2423410,Other fee
8,2475212,Incorrect information on your report
9,2417442,Deposits and withdrawals
10,2427124,"Account opening, closing, or management"
11,2440707,"Account opening, closing, or management"
12,2501717,Struggling to pay mortgage
13,2570879,Managing the loan or lease
14,2567772,Communication tactics
15,2534292,Incorrect information on your report
16,2377534,"Making/receiving payments, sending money"
17,2500200,Trouble during payment process
18,2564784,Incorrect information on your report
19,2559919,Trouble during payment process
20,2571925,Incorrect information on your report
21,2412744,Lost or stolen money order
22,2425815,"Account opening, closing, or management"
23,2561966,Managing an account
24,2561030,Incorrect information on your report
25,2389782,Disclosure verification of debt
26,1706577,Disclosure verification of debt
27,2561575,Took or threatened to take negative or legal action
28,2561322,Communication tactics
29,2420218,Managing the loan or lease
30,2423042,Charged fees or interest I didn't expect
31,1808200,Incorrect information on credit report
32,2563074,Opening an account
33,2477105,Attempts to collect debt not owed
34,2371691,Disclosure verification of debt
35,2420310,Identity theft / Fraud / Embezzlement
36,2558321,Trouble using the card
37,2468538,Problem with a purchase shown on your statement
38,2545193,Problem with a purchase shown on your statement
39,2431865,"Account opening, closing, or management"
40,2385349,"Loan modification,collection,foreclosure"
41,2427200,Other
42,2542853,Took or threatened to take negative or legal action
43,2560357,Attempts to collect debt not owed
44,2555558,Took or threatened to take negative or legal action
45,2446421,Cont'd attempts collect debt not owed
46,1816071,Disclosure verification of debt
47,2371656,"Loan modification,collection,foreclosure"
48,73703,"Loan modification,collection,foreclosure"
49,1984023,Deposits and withdrawals
50,2442046,"Loan modification,collection,foreclosure"
51,2534632,Fees or interest
52,2374511,Communication tactics
53,2552867,Incorrect information on your report
54,2426023,Other fee
55,2500063,Incorrect information on your report
56,2446688,Other fee
57,2561165,Struggling to repay your loan
58,2436789,Billing disputes
59,2563746,Attempts to collect debt not owed
60,1914423,Cont'd attempts collect debt not owed
61,2414115,"Loan servicing, payments, escrow account"
62,2426136,Taking out the loan or lease
63,2364555,Cont'd attempts collect debt not owed
64,2558848,Communication tactics
65,2554278,Trouble during payment process
66,2425048,APR or interest rate
67,2468474,Fees or interest
68,1810842,Taking/threatening an illegal action
69,2494464,Managing an account
70,2444609,Deposits and withdrawals
71,2371730,Cont'd attempts collect debt not owed
72,2552971,Incorrect information on your report
73,2560259,Problem with a purchase shown on your statement
74,1699163,Disclosure verification of debt
75,2421000,"Making/receiving payments, sending money"
76,2375350,Disclosure verification of debt
77,2433297,Billing disputes
78,2562585,Struggling to pay mortgage
79,2420513,"Loan modification,collection,foreclosure"
80,934650,Billing disputes
81,2436165,"Loan modification,collection,foreclosure"
82,2560123,Dealing with your lender or servicer
83,2555404,Incorrect information on your report
84,2561162,Took or threatened to take negative or legal action
85,2560176,Attempts to collect debt not owed
86,2405086,"Account opening, closing, or management"
87,2431565,Problems caused by my funds being low
88,2216206,Settlement process and costs
89,2397110,Billing disputes
90,2416891,"Account opening, closing, or management"
91,2565915,Attempts to collect debt not owed
92,2436309,"Account opening, closing, or management"
93,2426957,Other fee
94,2561526,Written notification about debt
95,2563186,Dealing with your lender or servicer
96,2440139,Delinquent account
97,2562322,Managing an account
98,2558640,Written notification about debt
99,2559776,Incorrect information on your report
100,2371577,Deposits and withdrawals
101,2394086,Disclosure verification of debt
102,2559703,Incorrect information on your report
103,2440369,Billing disputes
104,2423941,Billing disputes
105,2372209,Cont'd attempts collect debt not owed
106,2417043,"Account opening, closing, or management"
107,2557026,"Advertising and marketing, including promotional offers"
108,2560271,Problem with a lender or other company charging your account
109,2561605,Communication tactics
110,2491863,Written notification about debt
111,2561401,Opening an account
112,2559654,Attempts to collect debt not owed
113,2568407,Incorrect information on your report
114,2422048,Disclosure verification of debt
115,2567526,False statements or representation
116,2434071,Other fee
117,2378338,"Account opening, closing, or management"
118,2443729,Shopping for a loan or lease
119,2428039,"Loan modification,collection,foreclosure"
120,2555249,Opening an account
121,2437915,Problems caused by my funds being low
122,2416676,Disclosure verification of debt
123,2421775,"Application, originator, mortgage broker"
124,2483669,Incorrect information on your report
125,2561558,Fraud or scam
126,2560173,Incorrect information on your report
127,2566925,Written notification about debt
128,2554923,Written notification about debt
129,2562512,"Advertising and marketing, including promotional offers"
130,2442683,Incorrect information on credit report
131,2424942,Other
132,2560434,Incorrect information on your report
133,2560783,Charged fees or interest you didn't expect
134,2371801,"Account opening, closing, or management"
135,2558350,Improper use of your report
136,2568190,Written notification about debt
137,2373228,Incorrect information on credit report
138,2568070,Attempts to collect debt not owed
139,2411860,"Loan modification,collection,foreclosure"
140,2560327,Problem with a credit reporting company's investigation into an existing problem
141,2367674,Dealing with my lender or servicer
142,2571163,Attempts to collect debt not owed
143,2561216,Improper use of your report
144,2415992,Deposits and withdrawals
145,2469809,Trouble during payment process
146,2371883,Incorrect information on credit report
147,2386346,Other
148,2476758,Credit monitoring or identity theft protection services
149,2554927,Struggling to pay mortgage
150,2559751,Improper use of your report
151,2439723,Other fee
152,2569947,Fraud or scam
153,2551987,Managing an account
154,2557621,Incorrect information on your report
155,1849932,Disclosure verification of debt
156,2553486,Trouble during payment process
157,2567966,Incorrect information on your report
158,2535143,Unexpected or other fees
159,2371733,Dealing with my lender or servicer
160,2477215,Incorrect information on your report
161,2555814,Incorrect information on your report
162,2445920,"Making/receiving payments, sending money"
163,2549255,Trouble during payment process
164,2476896,Incorrect information on your report
165,2413477,"Loan servicing, payments, escrow account"
166,2393048,"Making/receiving payments, sending money"
167,2479032,Incorrect information on your report
168,2426335,Credit card protection / Debt protection
169,2560889,Confusing or missing disclosures
170,2559239,Problem caused by your funds being low
171,2559334,Improper use of your report
172,2559101,Getting a credit card
173,2030854,False statements or representation
174,2485309,Problem with a purchase shown on your statement
175,2559434,Managing an account
176,2570564,Charged fees or interest you didn't expect
177,2548341,Trouble during payment process
178,2565644,Closing your account
179,2571517,False statements or representation
180,2416373,"Account opening, closing, or management"
181,2369802,"Loan servicing, payments, escrow account"
182,2442948,Other
183,2447149,Billing disputes
184,2556123,Written notification about debt
185,2440660,"Account opening, closing, or management"
186,2557550,Managing the loan or lease
187,2556128,Incorrect information on your report
188,2559736,Incorrect information on your report
189,2559044,Fees or interest
190,2430771,"Application, originator, mortgage broker"
191,2561876,Managing an account
192,2437217,"Account opening, closing, or management"
193,2417715,Incorrect information on credit report
194,2558843,Problem with a credit reporting company's investigation into an existing problem
195,2535068,Written notification about debt
196,2379040,False statements or representation
197,2560039,Attempts to collect debt not owed
198,2439594,Can't repay my loan
199,2418794,Identity theft / Fraud / Embezzlement
200,2559946,Closing your account
201,2437746,Deposits and withdrawals
202,2567105,Struggling to repay your loan
203,2494229,"Other features, terms, or problems"
204,2486244,Incorrect information on your report
205,2422888,"Account opening, closing, or management"
206,2562961,Trouble during payment process
207,2439826,Other
208,2483933,Problem with a credit reporting company's investigation into an existing problem
209,2474535,Attempts to collect debt not owed
210,2534515,Closing an account
211,2562097,Attempts to collect debt not owed
212,2555595,Incorrect information on your report
213,2416121,Incorrect information on credit report
214,2419538,Disclosure verification of debt
215,2565237,Incorrect information on your report
216,2412732,"Loan servicing, payments, escrow account"
217,2572826,Attempts to collect debt not owed
218,2555803,Managing an account
219,2560336,Managing an account
220,2562250,Incorrect information on your report
221,2560643,Fraud or scam
222,2554835,Problem with the payoff process at the end of the loan
223,2492405,Communication tactics
224,2557406,Problem with a credit reporting company's investigation into an existing problem
225,2483543,Incorrect information on your report
226,2371642,Cont'd attempts collect debt not owed
227,2556796,Managing an account
228,2557587,Struggling to repay your loan
229,2427890,Other
230,2378707,Disclosure verification of debt
231,2472133,Trouble during payment process
232,1263989,Disclosure verification of debt
233,2437313,False statements or representation
234,2547814,Incorrect information on your report
235,2570032,Attempts to collect debt not owed
236,2391064,"Loan servicing, payments, escrow account"
237,2483657,Incorrect information on your report
238,2381695,"Loan modification,collection,foreclosure"
239,2168493,Communication tactics
240,2476878,Struggling to pay mortgage
241,2417259,False statements or representation
242,2402012,"Account opening, closing, or management"
243,2424250,Deposits and withdrawals
244,2551661,Struggling to pay mortgage
245,2557559,Problem with a purchase shown on your statement
246,2552271,Incorrect information on your report
247,2483537,Struggling to pay mortgage
248,2374964,"Loan servicing, payments, escrow account"
249,2404531,Incorrect information on credit report
250,2549974,Incorrect information on your report
251,2563452,Managing the loan or lease
252,2482517,Communication tactics
253,2561277,"Other features, terms, or problems"
254,2560324,Problem with a credit reporting company's investigation into an existing problem
255,2373592,False statements or representation
256,2478589,Incorrect information on your report
257,2419399,Deposits and withdrawals
258,2556770,Managing an account
259,2557624,Problem with a credit reporting company's investigation into an existing problem
260,2483505,Improper use of your report
261,2567694,Written notification about debt
262,2535825,Problem with a credit reporting company's investigation into an existing problem
263,2426900,"Making/receiving payments, sending money"
264,2571642,False statements or representation
265,2552671,Incorrect information on your report
266,1181967,Other
267,2420398,Deposits and withdrawals
268,2558241,Managing an account
269,2429873,Incorrect information on credit report
270,2555838,Managing an account
271,2400971,Cont'd attempts collect debt not owed
272,2465926,Struggling to pay mortgage
273,1279771,Improper contact or sharing of info
274,2131006,Disclosure verification of debt
275,2479696,Improper use of your report
276,2560099,Getting a line of credit
277,2503283,Improper use of your report
278,2473636,Incorrect information on your report
279,2559910,Incorrect information on your report
280,2373486,Incorrect information on credit report
281,2447044,"Making/receiving payments, sending money"
282,2435812,Incorrect information on credit report
283,2430339,"Loan servicing, payments, escrow account"
284,2507926,Incorrect information on your report
285,2570437,Problem with the payoff process at the end of the loan
286,2422261,"Loan modification,collection,foreclosure"
287,2416311,Other
288,2483499,Problem with a purchase shown on your statement
289,2483749,Problem with a credit reporting company's investigation into an existing problem
290,2495235,Trouble during payment process
291,2557331,Problem with a lender or other company charging your account
292,2564609,Took or threatened to take negative or legal action
293,2372121,Unsolicited issuance of credit card
294,2494378,Managing an account
295,2402718,Incorrect information on credit report
296,2496967,Fees or interest
297,2560523,Problem with a credit reporting company's investigation into an existing problem
298,2424173,Managing the loan or lease
299,2559823,Problem with a lender or other company charging your account
300,2571206,Struggling to repay your loan
301,2431845,Incorrect information on credit report
302,2483856,Written notification about debt
303,2419127,"Loan modification,collection,foreclosure"
304,2205480,"Loan modification,collection,foreclosure"
305,2557030,Struggling to pay mortgage
306,2564621,Trouble during payment process
307,2398002,Incorrect information on credit report
308,2475584,Getting the loan
309,2561752,Unauthorized transactions or other transaction problem
310,2483622,Incorrect information on your report
311,2562332,Trouble during payment process
312,1270247,Taking/threatening an illegal action
313,2483841,Incorrect information on your report
314,2560624,Incorrect information on your report
315,2555501,Incorrect information on your report
316,2558964,Dealing with your lender or servicer
317,2506744,Struggling to pay mortgage
318,2475494,Written notification about debt
319,2560695,Problem caused by your funds being low
320,2439670,"Loan modification,collection,foreclosure"
321,2383500,"Account opening, closing, or management"
322,2566470,Communication tactics
323,2432493,Advertising and marketing
324,2553015,Incorrect information on your report
325,2560125,Problem with a purchase shown on your statement
326,2483871,Problem with a credit reporting company's investigation into an existing problem
327,2389368,"Making/receiving payments, sending money"
328,2484858,Attempts to collect debt not owed
329,2554674,Opening an account
330,2570734,False statements or representation
331,2554154,Incorrect information on your report
332,2476430,"Other features, terms, or problems"
333,2418765,Dealing with my lender or servicer
334,2565846,Incorrect information on your report
335,2563159,Problem with a credit reporting company's investigation into an existing problem
336,2563222,Dealing with your lender or servicer
337,1309520,Cont'd attempts collect debt not owed
338,2562848,Struggling to pay mortgage
339,2561815,Communication tactics
340,2556591,Incorrect information on your report
341,2562418,Trouble during payment process
342,2478816,Trouble during payment process
343,2561742,False statements or representation
344,2559874,Incorrect information on your report
345,2405505,Incorrect information on credit report
346,2401560,"Loan modification,collection,foreclosure"
347,2563338,Fees or interest
348,2336442,Dealing with my lender or servicer
349,2557212,Dealing with your lender or servicer
350,2560492,Incorrect information on your report
351,2483852,Incorrect information on your report
352,2561503,Improper use of your report
353,167977,Billing disputes
354,2557595,Trouble during payment process
355,2562570,Incorrect information on your report
356,2560279,Managing an account
357,2440100,Other fee
358,2446974,Communication tactics
359,2445864,Disclosure verification of debt
360,2478485,Incorrect information on your report
361,2558433,Incorrect information on your report
362,2500245,Incorrect information on your report
363,2555065,Problem with fraud alerts or security freezes
364,2484376,Struggling to pay mortgage
365,2568102,Attempts to collect debt not owed
366,2560398,Managing an account
367,2554853,Incorrect information on your report
368,2554939,Problem with a credit reporting company's investigation into an existing problem
369,2536615,Written notification about debt
370,2563337,Managing an account
371,2484436,Struggling to pay mortgage
372,2497884,Written notification about debt
373,2555251,Managing an account
374,2559272,Managing an account
375,2562697,Money was not available when promised
376,2556197,Problem with a purchase shown on your statement
377,2401622,Credit reporting company's investigation
378,2380901,Billing disputes
379,2276951,Shopping for a loan or lease
380,2555773,Took or threatened to take negative or legal action
381,2554979,Incorrect information on your report
382,2436524,Payoff process
383,1324587,Communication tactics
384,2571483,Attempts to collect debt not owed
385,2563826,Incorrect information on your report
386,2547911,Incorrect information on your report
387,2424925,Incorrect information on credit report
388,2478882,Managing the loan or lease
389,2418075,Settlement process and costs
390,2417295,Credit reporting company's investigation
391,2555586,Incorrect information on your report
392,2500799,Problem with fraud alerts or security freezes
393,2398632,Incorrect information on credit report
394,2559186,Charged fees or interest you didn't expect
395,2483934,Trouble using your card
396,2564446,Improper use of your report
397,2565445,Problem with a credit reporting company's investigation into an existing problem
398,2366223,False statements or representation
399,2559700,False statements or representation
400,1314078,Cont'd attempts collect debt not owed
401,2435824,Identity theft / Fraud / Embezzlement
402,2568996,False statements or representation
403,2563412,Trouble during payment process
404,2560585,Problem with a credit reporting company's investigation into an existing problem
405,2561182,Problem caused by your funds being low
406,2434462,Cont'd attempts collect debt not owed
407,2431734,"Loan servicing, payments, escrow account"
408,450189,Deposits and withdrawals
409,2487249,Struggling to pay mortgage
410,2400653,Incorrect information on credit report
411,2565133,Fees or interest
412,2488832,Applying for a mortgage or refinancing an existing mortgage
413,2563305,Struggling to pay mortgage
414,2405189,Cont'd attempts collect debt not owed
415,2558492,Managing an account
416,2439744,Managing the loan or lease
417,2563533,Managing an account
418,2478524,Took or threatened to take negative or legal action
419,2561374,Improper use of your report
420,2553778,Attempts to collect debt not owed
421,2559779,Incorrect information on your report
422,2561023,Managing an account
423,2422445,Deposits and withdrawals
424,2567934,Struggling to pay mortgage
425,2547816,Problem with a purchase shown on your statement
426,2439253,Incorrect information on credit report
427,2557320,Trouble during payment process
428,2436321,Other
429,2568048,Struggling to pay mortgage
430,2373314,Managing the loan or lease
431,2555543,Applying for a mortgage or refinancing an existing mortgage
432,2566377,Closing an account
433,2372104,Managing the loan or lease
434,2566991,Written notification about debt
435,2558476,Incorrect information on your report
436,2556358,Getting a credit card
437,2470405,Closing an account
438,2426497,Incorrect information on credit report
439,2429840,"Loan servicing, payments, escrow account"
440,2411476,Late fee
441,2568952,Trouble during payment process
442,2441086,"Making/receiving payments, sending money"
443,2567116,Trouble during payment process
444,2480248,Struggling to pay mortgage
445,2465792,Trouble during payment process
446,2555213,Incorrect information on your report
447,2553057,Incorrect information on your report
448,2559098,Problem with a purchase shown on your statement
449,2562987,Problem with a credit reporting company's investigation into an existing problem
450,2466130,Improper use of your report
451,2436794,Cont'd attempts collect debt not owed
452,2372347,Cont'd attempts collect debt not owed
453,2559844,Opening an account
454,2483807,Attempts to collect debt not owed
455,2559841,Improper use of your report
456,2557643,Problem when making payments
457,2536360,Trouble during payment process
458,2554855,Incorrect information on your report
459,2566808,Communication tactics
460,2564728,Incorrect information on your report
461,2503010,Struggling to pay mortgage
462,2564926,Managing an account
463,2559999,Closing an account
464,2437352,Communication tactics
465,2444616,Other
466,2564244,Managing the loan or lease
467,2403973,Cont'd attempts collect debt not owed
468,2563754,Incorrect information on your report
469,2442413,Money was not available when promised
470,2542932,Incorrect information on your report
471,2568014,Struggling to repay your loan
472,2566149,Opening an account
473,2551782,Struggling to repay your loan
474,2441946,"Loan servicing, payments, escrow account"
475,2420578,Disclosure verification of debt
476,2479033,Incorrect information on your report
477,2555203,Problem with a lender or other company charging your account
478,2470053,Dealing with your lender or servicer
479,2560991,Problem with a credit reporting company's investigation into an existing problem
480,2472840,Written notification about debt
481,2427012,Incorrect information on credit report
482,2534605,Closing an account
483,2441938,"Loan modification,collection,foreclosure"
484,2563161,Attempts to collect debt not owed
485,2560011,Struggling to pay your loan
486,2555412,Incorrect information on your report
487,2572852,Attempts to collect debt not owed
488,2549606,Took or threatened to take negative or legal action
489,2483715,Managing an account
490,2435063,"Application, originator, mortgage broker"
491,2557601,Incorrect information on your report
492,2558710,Incorrect information on your report
493,2555205,Incorrect information on your report
494,2558599,Attempts to collect debt not owed
495,2557227,Written notification about debt
496,1058739,Billing disputes
497,2432069,Incorrect information on credit report
498,2496648,Unable to get your credit report or credit score
499,2556589,Trouble during payment process
500,2558788,Incorrect information on your report
501,2468653,Incorrect information on your report
502,2560896,Trouble during payment process
503,2559757,Managing an account
504,2425853,Billing disputes
505,2564052,Improper use of your report
506,2563800,Closing an account
507,2555259,Incorrect information on your report
508,2544528,False statements or representation
509,2483724,Dealing with your lender or servicer
510,2427173,"Account opening, closing, or management"
511,2555041,Problem with a credit reporting company's investigation into an existing problem
512,2572597,Attempts to collect debt not owed
513,2428123,Disclosure verification of debt
514,2563270,Fees or interest
515,2548853,Problem with a purchase shown on your statement
516,2556577,Problem with a credit reporting company's investigation into an existing problem
517,2560253,Attempts to collect debt not owed
518,2566024,Struggling to pay mortgage
519,2397091,Identity theft / Fraud / Embezzlement
520,2564649,Managing an account
521,2546698,Improper use of your report
522,2560306,Closing on a mortgage
523,2465475,Incorrect information on your report
524,2556807,Problem with a credit reporting company's investigation into an existing problem
525,2563861,Incorrect information on your report
526,2555753,Trouble during payment process
527,2397633,"Account opening, closing, or management"
528,2550115,Problem with a credit reporting company's investigation into an existing problem
529,2476897,Incorrect information on your report
530,2437751,Cont'd attempts collect debt not owed
531,2366159,"Loan servicing, payments, escrow account"
532,2558349,Communication tactics
533,2444271,Disclosure verification of debt
534,2556713,Written notification about debt
535,2432281,"Loan modification,collection,foreclosure"
536,2433003,Incorrect information on credit report
537,2572031,Attempts to collect debt not owed
538,2465682,Improper use of your report
539,2417959,Disclosure verification of debt
540,2536215,Written notification about debt
541,2468651,Incorrect information on your report
542,2562488,Attempts to collect debt not owed
543,953690,Other
544,2465879,"Other features, terms, or problems"
545,2563997,"Other features, terms, or problems"
546,2480065,Problem when making payments
547,2416697,"Loan servicing, payments, escrow account"
548,2557139,Applying for a mortgage or refinancing an existing mortgage
549,2474969,Attempts to collect debt not owed
550,2442720,Deposits and withdrawals
551,2465069,Struggling to pay mortgage
552,2566702,Communication tactics
553,2561732,Struggling to pay mortgage
554,2566116,Written notification about debt
555,2440524,Dealing with my lender or servicer
556,2432421,Credit line increase/decrease
557,2430791,False statements or representation
558,2562469,Charged fees or interest you didn't expect
559,2423648,"Account opening, closing, or management"
560,2567817,Trouble during payment process
561,2226743,Cont'd attempts collect debt not owed
562,2560882,Attempts to collect debt not owed
563,2555096,Struggling to pay mortgage
564,2569360,Applying for a mortgage or refinancing an existing mortgage
565,2532599,Fees or interest
566,2465333,False statements or representation
567,2557956,Improper use of your report
568,2555492,Incorrect information on your report
569,2472803,Improper use of your report
570,2483615,Incorrect information on your report
571,2570319,Attempts to collect debt not owed
572,2440248,Incorrect information on credit report
573,2425346,Taking/threatening an illegal action
574,2558416,Problem with a credit reporting company's investigation into an existing problem
575,2568299,Opening an account
576,2471420,Incorrect information on your report
577,2559558,Problem with a credit reporting company's investigation into an existing problem
578,2545641,Incorrect information on your report
579,2478436,Problem with a credit reporting company's investigation into an existing problem
580,2559909,Trouble during payment process
581,2477221,Incorrect information on your report
582,2547566,Managing an account
583,2557548,Managing an account
584,2562504,Struggling to pay mortgage
585,2551416,Managing an account
586,2560641,Problem with a credit reporting company's investigation into an existing problem
587,2558451,Incorrect information on your report
588,2559629,Incorrect information on your report
589,2543508,Struggling to pay mortgage
590,2466472,Attempts to collect debt not owed
591,2441071,Problems caused by my funds being low
592,2442731,Improper contact or sharing of info
593,2539122,Written notification about debt
594,2533144,Communication tactics
595,2559790,Problem caused by your funds being low
596,2373021,Deposits and withdrawals
597,2570468,Written notification about debt
598,2403577,"Loan servicing, payments, escrow account"
599,2561289,Attempts to collect debt not owed
600,2425950,"Making/receiving payments, sending money"
601,2499077,Struggling to pay mortgage
602,2557166,Fees or interest
603,2565565,Took or threatened to take negative or legal action
604,2474014,Attempts to collect debt not owed
605,2445072,Using a debit or ATM card
606,2427084,Other
607,2445540,Dealing with my lender or servicer
608,2563505,Fees or interest
609,2560894,Incorrect information on your report
610,2557544,Problem with a credit reporting company's investigation into an existing problem
611,2565932,Managing an account
612,2483709,Trouble during payment process
613,2417732,Disclosure verification of debt
614,2445601,Can't contact lender
615,2571578,False statements or representation
616,2544791,Problem with a credit reporting company's investigation into an existing problem
617,2564924,False statements or representation
618,2471302,Attempts to collect debt not owed
619,2467796,Attempts to collect debt not owed
620,2553997,Incorrect information on your report
621,2566436,Unable to get your credit report or credit score
622,2476308,Incorrect information on your report
623,2564573,Attempts to collect debt not owed
624,2419088,"Loan servicing, payments, escrow account"
625,2558755,Trouble during payment process
626,2556474,Incorrect information on your report
627,2548403,Struggling to pay mortgage
628,2554084,Struggling to pay mortgage
629,2483820,Problem when making payments
630,2536478,Problem with a credit reporting company's investigation into an existing problem
631,2549468,Managing an account
632,2546740,Took or threatened to take negative or legal action
633,2419024,Identity theft / Fraud / Embezzlement
634,2405323,"Account opening, closing, or management"
635,2467039,Incorrect information on your report
636,2435810,Cont'd attempts collect debt not owed
637,2556108,Problem with a credit reporting company's investigation into an existing problem
638,2425928,Problems when you are unable to pay
639,2560416,Fees or interest
640,2467052,Attempts to collect debt not owed
641,2555095,Struggling to pay mortgage
642,2534424,Closing an account
643,2421786,False statements or representation
644,2545986,Attempts to collect debt not owed
645,2435943,Identity theft / Fraud / Embezzlement
646,2547540,Managing an account
647,2556269,Incorrect information on your report
648,2560028,Written notification about debt
649,2558034,Problem with a purchase shown on your statement
650,2502731,Struggling to pay mortgage
651,2554879,Trouble using your card
652,2371963,Dealing with my lender or servicer
653,2554159,Problem with a credit reporting company's investigation into an existing problem
654,2422064,Deposits and withdrawals
655,2465639,Incorrect information on your report
656,2398409,"Loan modification,collection,foreclosure"
657,2568352,Written notification about debt
658,1923526,Taking/threatening an illegal action
659,2567026,Getting a credit card
660,2534039,"Other features, terms, or problems"
661,2477246,Incorrect information on your report
662,2560328,Incorrect information on your report
663,2563804,Getting a loan
664,2483526,Took or threatened to take negative or legal action
665,2425834,Using a debit or ATM card
666,2435916,Unsolicited issuance of credit card
667,2556162,"Other features, terms, or problems"
668,2560556,Incorrect information on your report
669,2560341,Struggling to pay mortgage
670,2539771,Took or threatened to take negative or legal action
671,2561542,Struggling to pay mortgage
672,2558765,Struggling to pay your loan
673,2483544,Written notification about debt
674,2560192,Improper use of your report
675,2560937,Written notification about debt
676,2556765,Struggling to pay mortgage
677,2398698,"Account opening, closing, or management"
678,2535686,"Other features, terms, or problems"
679,2556160,Written notification about debt
680,2563166,Incorrect information on your report
681,2566865,Struggling to pay mortgage
682,2560669,Incorrect information on your report
683,2561425,Managing an account
684,2423709,"Loan servicing, payments, escrow account"
685,2396931,"Account opening, closing, or management"
686,2553303,Problem with a credit reporting company's investigation into an existing problem
687,2400910,"Loan servicing, payments, escrow account"
688,2465407,False statements or representation
689,2535819,Managing the loan or lease
690,2558973,Incorrect information on your report
691,2559979,Incorrect information on your report
692,2535868,Incorrect information on your report
693,2559590,Incorrect information on your report
694,2424288,Advertising and marketing
695,2487560,Trouble during payment process
696,1206690,Improper contact or sharing of info
697,2568973,False statements or representation
698,2423793,"Loan modification,collection,foreclosure"
699,2435736,Problems caused by my funds being low
700,2469445,Trouble during payment process
701,2474584,Struggling to pay mortgage
702,2559693,Problem with a credit reporting company's investigation into an existing problem
703,2436332,"Loan modification,collection,foreclosure"
704,2562422,Problem with a lender or other company charging your account
705,2560001,Problem with a credit reporting company's investigation into an existing problem
706,2561034,Problems at the end of the loan or lease
707,2372286,Dealing with my lender or servicer
708,2554951,Incorrect information on your report
709,2562918,Took or threatened to take negative or legal action
710,2560156,Incorrect information on your report
711,2562232,Attempts to collect debt not owed
712,2483833,Incorrect information on your report
713,2503805,Struggling to pay mortgage
714,2404254,Incorrect information on credit report
715,2543532,Incorrect information on your report
716,2564681,Problem when making payments
717,2566962,Attempts to collect debt not owed
718,2544453,Attempts to collect debt not owed
719,2433949,Cont'd attempts collect debt not owed
720,2559709,Trouble during payment process
721,2554820,Improper use of your report
722,2560289,Incorrect information on your report
723,2564361,Communication tactics
724,2568850,False statements or representation
725,2434559,Managing the loan or lease
726,2468029,Threatened to contact someone or share information improperly
727,2469268,Took or threatened to take negative or legal action
728,2557905,Problem with a credit reporting company's investigation into an existing problem
729,2427548,Billing disputes
730,2555737,Struggling to pay mortgage
731,2467468,Problem with customer service
732,2443752,Incorrect information on credit report
733,2440791,Cont'd attempts collect debt not owed
734,2559728,Incorrect information on your report
735,2533068,Struggling to pay mortgage
736,2557675,Improper use of your report
737,2557165,Attempts to collect debt not owed
738,2554379,Managing an account
739,2558930,Struggling to pay mortgage
740,2397336,"Loan servicing, payments, escrow account"
741,2561407,Attempts to collect debt not owed
742,2560172,Improper use of your report
743,2467172,Closing an account
744,2465750,Written notification about debt
745,2559104,Incorrect information on your report
746,2421088,Credit determination
747,2563770,Struggling to repay your loan
748,2564843,Managing an account
749,2469278,Took or threatened to take negative or legal action
750,2481886,Identity theft protection or other monitoring services
751,2418302,Using a debit or ATM card
752,2397145,"Account opening, closing, or management"
753,2566506,Written notification about debt
754,2466977,Improper use of your report
755,2408280,"Loan modification,collection,foreclosure"
756,2562938,Written notification about debt
757,2348420,Taking/threatening an illegal action
758,2557657,Fees or interest
759,2557593,Problem caused by your funds being low
760,2561358,Took or threatened to take negative or legal action
761,2560151,Incorrect information on your report
762,2559107,Getting a credit card
763,2417605,"Account opening, closing, or management"
764,2406245,Deposits and withdrawals
765,2552662,Incorrect information on your report
766,2559533,Problem caused by your funds being low
767,2554942,Incorrect information on your report
768,2561513,Managing an account
769,2467079,Written notification about debt
770,2559191,Written notification about debt
771,2443371,Delinquent account
772,2443565,Advertising and marketing
773,2467804,Communication tactics
774,2371202,Problems caused by my funds being low
775,2564448,Incorrect information on your report
776,2442081,Billing disputes
777,2426028,"Account opening, closing, or management"
778,2465235,Written notification about debt
779,2484250,Problem with a credit reporting company's investigation into an existing problem
780,2372981,Problems caused by my funds being low
781,2426207,Late fee
782,2426200,Late fee
783,2363936,Cont'd attempts collect debt not owed
784,2442686,Cont'd attempts collect debt not owed
785,2439313,Identity theft / Fraud / Embezzlement
786,2419881,"Loan servicing, payments, escrow account"
787,2568038,Improper use of your report
788,2376250,Settlement process and costs
789,2398842,Deposits and withdrawals
790,2302698,Cont'd attempts collect debt not owed
791,2374088,"Account opening, closing, or management"
792,2435920,Delinquent account
793,2375338,"Loan servicing, payments, escrow account"
794,2423169,Identity theft / Fraud / Embezzlement
795,2445195,Managing the loan or lease
796,2374020,Taking/threatening an illegal action
797,2473404,Problem with customer service
798,2405735,Disclosure verification of debt
799,2375132,Disclosure verification of debt
800,2237965,Cont'd attempts collect debt not owed
801,2435902,Other
802,2431674,Incorrect information on credit report
803,2566740,Incorrect information on your report
804,2375679,Disclosure verification of debt
805,2428328,"Making/receiving payments, sending money"
806,2435036,Using a debit or ATM card
807,2533082,Problem when making payments
808,2377888,Cont'd attempts collect debt not owed
809,2373410,"Loan modification,collection,foreclosure"
810,2402090,Incorrect information on credit report
811,2430815,"Account opening, closing, or management"
812,2362486,Incorrect information on credit report
813,2446445,Applied for loan/did not receive money
814,2437052,Transaction issue
815,2441514,"Application, originator, mortgage broker"
816,2376135,Disclosure verification of debt
817,2393869,False statements or representation
818,2443670,Problems caused by my funds being low
819,2379386,"Loan servicing, payments, escrow account"
820,2561191,Opening an account
821,2476610,Incorrect information on your report
822,2561509,Improper use of your report
823,2426478,Cont'd attempts collect debt not owed
824,2468840,Fraud or scam
825,2399840,Deposits and withdrawals
826,2447007,Rewards
827,2416994,"Loan modification,collection,foreclosure"
828,2469250,Incorrect information on your report
829,2399036,Incorrect information on credit report
830,2409617,"Loan modification,collection,foreclosure"
831,2369333,Cont'd attempts collect debt not owed
832,2421356,Deposits and withdrawals
833,2420573,"Loan modification,collection,foreclosure"
834,2420560,"Account opening, closing, or management"
835,2442339,Incorrect information on credit report
836,2443626,Other
837,2402534,"Loan servicing, payments, escrow account"
838,2432791,Problems when you are unable to pay
839,2373360,False statements or representation
840,2381616,"Loan servicing, payments, escrow account"
841,2443408,"Loan modification,collection,foreclosure"
842,1982362,Taking/threatening an illegal action
843,1610823,Disclosure verification of debt
844,2436772,Deposits and withdrawals
845,2438940,Credit reporting company's investigation
846,2403174,"Loan servicing, payments, escrow account"
847,2368342,False statements or representation
848,2554244,Incorrect information on your report
849,2442225,Problems caused by my funds being low
850,2403949,Credit reporting company's investigation
851,2435945,Credit card protection / Debt protection
852,2366420,Dealing with my lender or servicer
853,2466313,Trouble during payment process
854,982612,Communication tactics
855,2351434,Disclosure verification of debt
856,1911573,Disclosure verification of debt
857,2494516,Struggling to pay mortgage
858,2376358,False statements or representation
859,2417420,Improper contact or sharing of info
860,2372276,"Loan servicing, payments, escrow account"
861,2344937,Cont'd attempts collect debt not owed
862,2398938,Other
863,2327789,"Loan servicing, payments, escrow account"
864,2417331,Other
865,2363129,"Loan modification,collection,foreclosure"
866,2414622,Money was not available when promised
867,2437819,Identity theft / Fraud / Embezzlement
868,1636075,Communication tactics
869,2423449,Problems caused by my funds being low
870,2383511,Deposits and withdrawals
871,2563641,Incorrect information on your report
872,2271337,Disclosure verification of debt
873,2404003,Credit reporting company's investigation
874,2425779,Credit reporting company's investigation
875,2337578,Taking/threatening an illegal action
876,2368400,"Account opening, closing, or management"
877,2374553,"Loan modification,collection,foreclosure"
878,2408292,Incorrect information on credit report
879,2393038,Improper contact or sharing of info
880,2422850,Late fee
881,2370191,"Loan modification,collection,foreclosure"
882,2468795,Improper use of your report
883,2373587,False statements or representation
884,2475358,Communication tactics
885,2364918,Disclosure verification of debt
886,2437042,Incorrect information on credit report
887,2422327,"Account opening, closing, or management"
888,1506556,Cont'd attempts collect debt not owed
889,2308983,Disclosure verification of debt
890,2366589,Dealing with my lender or servicer
891,2555189,Incorrect information on your report
892,2373924,Managing the loan or lease
893,2372387,Credit reporting company's investigation
894,2408124,Dealing with my lender or servicer
895,2564334,Written notification about debt
896,2375110,Disclosure verification of debt
897,2545523,Incorrect information on your report
898,2442239,"Loan servicing, payments, escrow account"
899,1825573,Communication tactics
900,2502981,Took or threatened to take negative or legal action
901,2424594,Incorrect information on credit report
902,2376329,Disclosure verification of debt
903,2425495,"Loan modification,collection,foreclosure"
904,2422798,"Making/receiving payments, sending money"
905,2469086,Improper use of your report
906,1904156,Cont'd attempts collect debt not owed
907,2395698,"Account opening, closing, or management"
908,2365877,Managing the loan or lease
909,2435177,"Loan servicing, payments, escrow account"
910,2414598,Incorrect information on credit report
911,2424938,Deposits and withdrawals
912,2369424,Disclosure verification of debt
913,1804111,Cont'd attempts collect debt not owed
914,2558934,Managing an account
915,2440416,"Loan modification,collection,foreclosure"
916,2384105,"Account opening, closing, or management"
917,2445060,"Loan modification,collection,foreclosure"
918,2572418,Lost or stolen check
919,2416202,Managing the loan or lease
920,2388927,Other
921,2572394,False statements or representation
922,2416558,Incorrect information on credit report
923,2472450,False statements or representation
924,2406704,"Application, originator, mortgage broker"
925,2444193,"Loan servicing, payments, escrow account"
926,2360016,Disclosure verification of debt
927,2443744,Other
928,2427280,"Account opening, closing, or management"
929,2446233,Billing disputes
930,2427282,"Loan servicing, payments, escrow account"
931,2555705,Incorrect information on your report
932,2434655,"Account opening, closing, or management"
933,2404158,Credit reporting company's investigation
934,2374460,Improper contact or sharing of info
935,2400084,"Loan modification,collection,foreclosure"
936,2433091,Incorrect information on credit report
937,2489028,Incorrect information on your report
938,2372196,Using a debit or ATM card
939,2444993,Managing the loan or lease
940,2404076,Credit reporting company's investigation
941,2383200,Credit reporting company's investigation
942,2444479,Taking/threatening an illegal action
943,2425183,Other fee
944,2425231,Deposits and withdrawals
945,2422571,Incorrect information on credit report
946,2424748,Credit reporting company's investigation
947,2422203,Credit reporting company's investigation
948,2377420,Communication tactics
949,2398715,"Account opening, closing, or management"
950,2412652,Improper use of my credit report
951,2471622,Fees or interest
952,2372970,Disclosure verification of debt
953,2466588,Attempts to collect debt not owed
954,2414865,False statements or representation
955,2470864,Incorrect information on your report
956,2376053,"Loan servicing, payments, escrow account"
957,2413382,Identity theft / Fraud / Embezzlement
958,2300187,Cont'd attempts collect debt not owed
959,2374108,Can't repay my loan
960,2425846,Other fee
961,2424174,"Account opening, closing, or management"
962,2382392,Incorrect information on credit report
963,2240940,Disclosure verification of debt
964,2562892,Trouble using your card
965,2375396,Dealing with my lender or servicer
966,2375621,Deposits and withdrawals
967,2375927,Disclosure verification of debt
968,2372852,"Account opening, closing, or management"
969,2376092,Can't repay my loan
970,2374799,Improper contact or sharing of info
971,2372851,Dealing with my lender or servicer
972,2370113,Taking/threatening an illegal action
973,2404461,Credit reporting company's investigation
974,2376596,Dealing with my lender or servicer
975,2376511,Fraud or scam
976,2376348,Taking/threatening an illegal action
977,2370887,"Application, originator, mortgage broker"
978,2433796,Transaction issue
979,2375242,Taking/threatening an illegal action
980,2376031,Deposits and withdrawals
981,2335375,"Loan servicing, payments, escrow account"
982,2394017,Incorrect information on credit report
983,2375963,Identity theft / Fraud / Embezzlement
984,2370967,False statements or representation
985,2377094,Dealing with my lender or servicer
986,2376901,Improper use of my credit report
987,2316446,Billing disputes
988,2377059,Can't repay my loan
989,1429768,"Loan modification,collection,foreclosure"
990,2371836,Cont'd attempts collect debt not owed
991,2377802,Taking/threatening an illegal action
992,2370366,Dealing with my lender or servicer
993,1495770,Payment to acct not credited
994,2377360,Identity theft / Fraud / Embezzlement
995,2372381,Incorrect information on credit report
996,2370228,"Account opening, closing, or management"
997,2369206,Settlement process and costs
998,2336188,"Loan modification,collection,foreclosure"
999,2324553,Disclosure verification of debt
1000,2376340,Incorrect information on credit report
1001,2377655,"Application, originator, mortgage broker"
1002,2439598,"Account opening, closing, or management"
1003,2370102,Balance transfer
1004,2376505,Problems when you are unable to pay
1005,2377985,Taking out the loan or lease
1006,2366510,Charged fees or interest I didn't expect
1007,2377339,Closing/Cancelling account
1008,2372215,Taking/threatening an illegal action
1009,2416714,Incorrect information on credit report
1010,2432215,Cont'd attempts collect debt not owed
1011,2379017,"Application, originator, mortgage broker"
1012,2380127,Credit reporting company's investigation
1013,2377464,Disclosure verification of debt
1014,1623383,Taking/threatening an illegal action
1015,2376228,Disclosure verification of debt
1016,993436,Applied for loan/did not receive money
1017,2396886,Incorrect information on credit report
1018,2378776,Cont'd attempts collect debt not owed
1019,2380308,Taking/threatening an illegal action
1020,2407408,Other
1021,2133056,Improper use of my credit report
1022,2378578,Dealing with my lender or servicer
1023,2567443,Struggling to repay your loan
1024,2386766,Closing/Cancelling account
1025,2375498,Cont'd attempts collect debt not owed
1026,1532301,Cont'd attempts collect debt not owed
1027,2466005,Struggling to pay mortgage
1028,2414306,"Loan modification,collection,foreclosure"
1029,2422198,Incorrect information on credit report
1030,2420708,Incorrect information on credit report
1031,2465668,Other transaction problem
1032,2405215,Credit reporting company's investigation
1033,2376770,Dealing with my lender or servicer
1034,2478710,Took or threatened to take negative or legal action
1035,2428885,Incorrect information on credit report
1036,2411117,"Loan modification,collection,foreclosure"
1037,2381614,Disclosure verification of debt
1038,2376121,Managing the loan or lease
1039,2380188,Delinquent account
1040,2379496,Using a debit or ATM card
1041,2435072,Credit decision / Underwriting
1042,2408444,Incorrect information on credit report
1043,2376068,Disclosure verification of debt
1044,2466131,False statements or representation
1045,2373238,"Loan servicing, payments, escrow account"
1046,2421035,Incorrect information on credit report
1047,2419669,Incorrect information on credit report
1048,2416694,Dealing with my lender or servicer
1049,2400603,Incorrect information on credit report
1050,2439536,"Account opening, closing, or management"
1051,2379081,Cont'd attempts collect debt not owed
1052,2443993,"Loan modification,collection,foreclosure"
1053,2405594,Incorrect information on credit report
1054,2373178,Incorrect information on credit report
1055,2392142,Settlement process and costs
1056,2386862,Improper use of my credit report
1057,2374888,Deposits and withdrawals
1058,2464501,Incorrect information on your report
1059,2381998,"Loan servicing, payments, escrow account"
1060,2426605,Delinquent account
1061,1440557,Cont'd attempts collect debt not owed
1062,2466302,Managing an account
1063,2330017,Dealing with my lender or servicer
1064,2421706,Incorrect information on credit report
1065,2413445,"Loan modification,collection,foreclosure"
1066,1562730,Cont'd attempts collect debt not owed
1067,2440737,"Account opening, closing, or management"
1068,2470622,Attempts to collect debt not owed
1069,2415180,Incorrect information on credit report
1070,2410620,Incorrect information on credit report
1071,2464726,Trouble during payment process
1072,2471978,Improper use of your report
1073,2475698,Written notification about debt
1074,2375736,Incorrect information on credit report
1075,2477730,Problem with a credit reporting company's investigation into an existing problem
1076,2374929,"Loan servicing, payments, escrow account"
1077,2415213,Incorrect information on credit report
1078,2374906,Deposits and withdrawals
1079,2377836,Cont'd attempts collect debt not owed
1080,2425940,"Account opening, closing, or management"
1081,2431136,Disclosure verification of debt
1082,2482942,Incorrect information on your report
1083,2468587,Incorrect information on your report
1084,2488497,Incorrect information on your report
1085,1457808,Cont'd attempts collect debt not owed
1086,2440497,Deposits and withdrawals
1087,2380692,Disclosure verification of debt
1088,1034259,Incorrect information on credit report
1089,2464901,False statements or representation
1090,2375141,Managing the loan or lease
1091,2391348,Incorrect information on credit report
1092,2421053,Incorrect information on credit report
1093,2408153,Incorrect information on credit report
1094,2558839,Problem with fraud alerts or security freezes
1095,2379474,Cont'd attempts collect debt not owed
1096,2383223,Incorrect information on credit report
1097,2380528,Cont'd attempts collect debt not owed
1098,1594698,False statements or representation
1099,2421176,"Loan servicing, payments, escrow account"
1100,2534916,Attempts to collect debt not owed
1101,2379393,Improper contact or sharing of info
1102,2429636,Credit reporting company's investigation
1103,2415028,Incorrect information on credit report
1104,2429403,"Account opening, closing, or management"
1105,2464669,Attempts to collect debt not owed
1106,2417468,Incorrect information on credit report
1107,2428045,Improper use of my credit report
1108,2438807,Problems caused by my funds being low
1109,2427836,Incorrect information on credit report
1110,2405204,"Account opening, closing, or management"
1111,2425414,"Loan modification,collection,foreclosure"
1112,2438668,Incorrect information on credit report
1113,2464756,Problem when making payments
1114,2473802,Incorrect information on your report
1115,2465314,Problem with a credit reporting company's investigation into an existing problem
1116,2437122,"Loan servicing, payments, escrow account"
1117,2416419,Rewards
1118,2467586,Incorrect information on your report
1119,2473744,Fraud or scam
1120,2421182,Incorrect information on credit report
1121,2421889,"Application, originator, mortgage broker"
1122,2375285,"Application, originator, mortgage broker"
1123,2428307,Billing disputes
1124,2475362,Closing an account
1125,2466376,Problem with a company's investigation into an existing issue
1126,2379707,Can't repay my loan
1127,2375156,"Loan servicing, payments, escrow account"
1128,2562051,Written notification about debt
1129,2441281,Problems caused by my funds being low
1130,2323521,Cont'd attempts collect debt not owed
1131,2421801,Incorrect information on credit report
1132,2372937,"Loan servicing, payments, escrow account"
1133,2428620,Incorrect information on credit report
1134,2319807,Cont'd attempts collect debt not owed
1135,2382916,Incorrect information on credit report
1136,2422151,Incorrect information on credit report
1137,2443627,Other
1138,1217945,Cont'd attempts collect debt not owed
1139,2427729,Rewards
1140,2464679,Incorrect information on your report
1141,2382446,Incorrect information on credit report
1142,2567457,Closing on a mortgage
1143,2476636,Problem with a credit reporting company's investigation into an existing problem
1144,1445973,Communication tactics
1145,2467232,Incorrect information on your report
1146,2445546,Other
1147,2494566,Incorrect information on your report
1148,2412753,"Loan modification,collection,foreclosure"
1149,2420070,"Loan servicing, payments, escrow account"
1150,2464743,Fees or interest
1151,2370051,Incorrect information on credit report
1152,2566847,Incorrect information on your report
1153,2402466,"Making/receiving payments, sending money"
1154,2426757,Problems when you are unable to pay
1155,2420731,Incorrect information on credit report
1156,2444066,Settlement process and costs
1157,2383432,Identity theft / Fraud / Embezzlement
1158,2399871,"Loan modification,collection,foreclosure"
1159,2481733,Incorrect information on your report
1160,2425999,Incorrect information on credit report
1161,2431577,Incorrect information on credit report
1162,2492402,Incorrect information on your report
1163,2434061,"Loan servicing, payments, escrow account"
1164,2428989,Shopping for a loan or lease
1165,2376556,Incorrect information on credit report
1166,2406970,Incorrect information on credit report
1167,2435930,"Account opening, closing, or management"
1168,2417374,Disclosure verification of debt
1169,2387277,Dealing with my lender or servicer
1170,2465650,Problem with a company's investigation into an existing issue
1171,2409852,Other transaction issues
1172,2423416,"Loan modification,collection,foreclosure"
1173,2382140,Disclosure verification of debt
1174,2472860,Problem caused by your funds being low
1175,2432405,Cont'd attempts collect debt not owed
1176,2352513,Cont'd attempts collect debt not owed
1177,810036,Deposits and withdrawals
1178,2425517,Cont'd attempts collect debt not owed
1179,2445472,"Loan modification,collection,foreclosure"
1180,2441804,Incorrect information on credit report
1181,2390082,Deposits and withdrawals
1182,2464741,Incorrect information on your report
1183,2391712,"Loan servicing, payments, escrow account"
1184,2378920,Communication tactics
1185,2397222,"Loan servicing, payments, escrow account"
1186,2437064,Credit reporting company's investigation
1187,1152258,Cont'd attempts collect debt not owed
1188,2376780,"Loan modification,collection,foreclosure"
1189,2555432,Incorrect information on your report
1190,2442479,Deposits and withdrawals
1191,2410653,Incorrect information on credit report
1192,2433633,Managing the loan or lease
1193,2430081,Billing disputes
1194,2381134,Deposits and withdrawals
1195,2380705,"Loan servicing, payments, escrow account"
1196,2445006,Transaction issue
1197,2438591,Incorrect information on credit report
1198,2440509,Incorrect information on credit report
1199,2430986,"Account opening, closing, or management"
1200,2478184,Written notification about debt
1201,2472966,Incorrect information on your report
1202,2385544,Problems caused by my funds being low
1203,2411392,Disclosure verification of debt
1204,2375049,Disclosure verification of debt
1205,2418789,Credit reporting company's investigation
1206,2378177,"Loan modification,collection,foreclosure"
1207,2420675,Improper use of my credit report
1208,2446181,"Account opening, closing, or management"
1209,2423638,Incorrect information on credit report
1210,2429547,Disclosure verification of debt
1211,2465767,Problem with fraud alerts or security freezes
1212,1666781,Communication tactics
1213,2478182,Written notification about debt
1214,1798170,"Loan modification,collection,foreclosure"
1215,2401167,"Loan servicing, payments, escrow account"
1216,2404265,Incorrect information on credit report
1217,2442794,Cont'd attempts collect debt not owed
1218,2427747,Cont'd attempts collect debt not owed
1219,2445887,"Loan servicing, payments, escrow account"
1220,2435076,Incorrect information on credit report
1221,2401216,Cont'd attempts collect debt not owed
1222,2436521,"Loan servicing, payments, escrow account"
1223,2418206,Incorrect information on credit report
1224,2432930,Cont'd attempts collect debt not owed
1225,2382067,Disclosure verification of debt
1226,2464631,"Other features, terms, or problems"
1227,2407154,Credit reporting company's investigation
1228,2397805,Incorrect information on credit report
1229,2425115,Managing the loan or lease
1230,2218248,Disclosure verification of debt
1231,2386839,Deposits and withdrawals
1232,2440273,"Loan modification,collection,foreclosure"
1233,2430872,Managing the loan or lease
1234,2382258,Cont'd attempts collect debt not owed
1235,2414644,Credit reporting company's investigation
1236,2407415,Incorrect information on credit report
1237,2555500,Incorrect information on your report
1238,2420226,Credit decision / Underwriting
1239,2432839,"Account opening, closing, or management"
1240,2420061,Incorrect information on credit report
1241,2407879,"Account opening, closing, or management"
1242,2384261,Balance transfer
1243,2470944,Problem with a credit reporting company's investigation into an existing problem
1244,2424337,Incorrect information on credit report
1245,2478178,Written notification about debt
1246,2410356,Improper use of my credit report
1247,2485662,Incorrect information on your report
1248,2377857,Cont'd attempts collect debt not owed
1249,2441519,Deposits and withdrawals
1250,2361492,Cont'd attempts collect debt not owed
1251,2402267,"Account opening, closing, or management"
1252,2391692,"Loan servicing, payments, escrow account"
1253,2465263,Managing an account
1254,2195071,Cont'd attempts collect debt not owed
1255,2354933,Communication tactics
1256,2381289,Disclosure verification of debt
1257,2423567,Incorrect information on credit report
1258,2466935,Incorrect information on your report
1259,2438781,Credit reporting company's investigation
1260,2381467,Managing the loan or lease
1261,2473506,Attempts to collect debt not owed
1262,2378056,Cont'd attempts collect debt not owed
1263,2406779,Shopping for a loan or lease
1264,2440870,Identity theft / Fraud / Embezzlement
1265,2377447,"Loan modification,collection,foreclosure"
1266,2436077,Incorrect information on credit report
1267,2410553,Other
1268,2419297,Improper use of my credit report
1269,2494299,Incorrect information on your report
1270,2469335,Attempts to collect debt not owed
1271,2466268,Incorrect information on your report
1272,2438136,Billing disputes
1273,1832139,"Loan modification,collection,foreclosure"
1274,2465679,Dealing with your lender or servicer
1275,2476983,Problem with a credit reporting company's investigation into an existing problem
1276,2474531,Written notification about debt
1277,2469109,Problems at the end of the loan or lease
1278,1221000,Disclosure verification of debt
1279,2429196,False statements or representation
1280,2389394,Incorrect information on credit report
1281,2417956,Disclosure verification of debt
1282,2442039,Credit line increase/decrease
1283,2467520,Took or threatened to take negative or legal action
1284,2478502,Incorrect information on your report
1285,2441081,Credit determination
1286,2571654,Attempts to collect debt not owed
1287,2382133,"Loan modification,collection,foreclosure"
1288,2478183,Written notification about debt
1289,2379783,Managing the loan or lease
1290,2435354,Managing the loan or lease
1291,2442123,Incorrect information on credit report
1292,2431980,Incorrect information on credit report
1293,2430244,Incorrect information on credit report
1294,2468203,Trouble during payment process
1295,2426169,"Loan modification,collection,foreclosure"
1296,2407797,Problems when you are unable to pay
1297,2506427,Incorrect information on your report
1298,2227817,"Loan modification,collection,foreclosure"
1299,2437385,Incorrect information on credit report
1300,2378555,Incorrect information on credit report
1301,2479110,Trouble during payment process
1302,2431372,False statements or representation
1303,2471613,Improper use of your report
1304,2382623,"Account opening, closing, or management"
1305,2404069,Settlement process and costs
1306,2470382,Attempts to collect debt not owed
1307,2464971,Incorrect information on your report
1308,2389060,Can't repay my loan
1309,2428664,Incorrect information on credit report
1310,2427730,"Loan modification,collection,foreclosure"
1311,2382578,Cont'd attempts collect debt not owed
1312,2382663,"Making/receiving payments, sending money"
1313,2465765,Problem with fraud alerts or security freezes
1314,2424568,"Loan modification,collection,foreclosure"
1315,2427800,"Loan modification,collection,foreclosure"
1316,2492797,Improper use of your report
1317,2465485,Incorrect information on your report
1318,2422079,Identity theft / Fraud / Embezzlement
1319,2467077,Trouble during payment process
1320,2420557,Dealing with my lender or servicer
1321,2425952,Other
1322,2427704,Billing disputes
1323,2442432,Identity theft / Fraud / Embezzlement
1324,2471100,Getting a credit card
1325,2464574,Incorrect information on your report
1326,2437114,Incorrect information on credit report
1327,2443465,"Loan servicing, payments, escrow account"
1328,2418487,Incorrect information on credit report
1329,2417576,"Loan modification,collection,foreclosure"
1330,2442332,Identity theft / Fraud / Embezzlement
1331,2554950,Incorrect information on your report
1332,2382624,False statements or representation
1333,2466449,"Other features, terms, or problems"
1334,2422611,Settlement process and costs
1335,2417984,"Loan servicing, payments, escrow account"
1336,2433747,Cont'd attempts collect debt not owed
1337,2404044,Billing statement
1338,2475559,Attempts to collect debt not owed
1339,2413266,Incorrect information on credit report
1340,2374545,Unauthorized transactions/trans. issues
1341,2444801,"Making/receiving payments, sending money"
1342,2382809,Other
1343,2407481,Cash advance
1344,2466211,Improper use of your report
1345,2467619,Attempts to collect debt not owed
1346,2433590,"Loan servicing, payments, escrow account"
1347,2474457,Problem when making payments
1348,2358522,"Loan servicing, payments, escrow account"
1349,2447516,Other fee
1350,2440793,Credit monitoring or identity protection
1351,2469280,Incorrect information on your report
1352,2485766,Struggling to pay mortgage
1353,2382627,"Loan modification,collection,foreclosure"
1354,2414643,Managing the loan or lease
1355,2466934,Incorrect information on your report
1356,2467334,Incorrect information on your report
1357,2402260,Credit determination
1358,2431235,"Account opening, closing, or management"
1359,2467537,Improper use of your report
1360,2405822,"Account opening, closing, or management"
1361,2415218,Deposits and withdrawals
1362,2425685,Incorrect information on credit report
1363,2082245,Cont'd attempts collect debt not owed
1364,2387046,Credit reporting company's investigation
1365,2470974,Opening an account
1366,2432246,Cont'd attempts collect debt not owed
1367,2426916,Closing/Cancelling account
1368,2383543,"Loan modification,collection,foreclosure"
1369,1732461,Cont'd attempts collect debt not owed
1370,2398491,"Loan servicing, payments, escrow account"
1371,2349666,Credit reporting company's investigation
1372,2444802,Billing disputes
1373,2443927,"Account opening, closing, or management"
1374,1345442,"Application, originator, mortgage broker"
1375,2442093,"Loan servicing, payments, escrow account"
1376,2555990,Problem with a credit reporting company's investigation into an existing problem
1377,2414615,Incorrect information on credit report
1378,2410607,"Loan servicing, payments, escrow account"
1379,2428506,Customer service / Customer relations
1380,2379848,Fraud or scam
1381,2436188,"Loan modification,collection,foreclosure"
1382,2432920,Deposits and withdrawals
1383,2399607,Identity theft / Fraud / Embezzlement
1384,2465715,Dealing with your lender or servicer
1385,2431445,"Loan modification,collection,foreclosure"
1386,2382642,Money was not available when promised
1387,2469148,Problem with a credit reporting company's investigation into an existing problem
1388,2496684,Problem with a credit reporting company's investigation into an existing problem
1389,2442435,Problems caused by my funds being low
1390,2426779,Credit reporting company's investigation
1391,2428565,Unsolicited issuance of credit card
1392,2465438,Threatened to contact someone or share information improperly
1393,2468100,Problem with a purchase shown on your statement
1394,2439700,Deposits and withdrawals
1395,2436208,Settlement process and costs
1396,2382180,"Loan servicing, payments, escrow account"
1397,2437265,Incorrect information on credit report
1398,2438616,"Account opening, closing, or management"
1399,2444651,"Account opening, closing, or management"
1400,2563953,Incorrect information on your report
1401,2445297,"Loan servicing, payments, escrow account"
1402,2479632,Attempts to collect debt not owed
1403,2494297,Incorrect information on your report
1404,2431777,Deposits and withdrawals
1405,2571701,Communication tactics
1406,2380279,Taking out the loan or lease
1407,2398914,"Loan modification,collection,foreclosure"
1408,2386358,Disclosure verification of debt
1409,2024942,Dealing with my lender or servicer
1410,2545536,Written notification about debt
1411,2446878,"Application, originator, mortgage broker"
1412,2562440,Problem getting a card or closing an account
1413,2468580,False statements or representation
1414,2429755,Identity theft / Fraud / Embezzlement
1415,2464940,Incorrect information on your report
1416,2445457,Transaction issue
1417,2431078,"Loan servicing, payments, escrow account"
1418,2428311,Deposits and withdrawals
1419,2438054,"Making/receiving payments, sending money"
1420,2396582,Credit reporting company's investigation
1421,2465200,Incorrect information on your report
1422,2434517,"Account opening, closing, or management"
1423,2466387,Trouble during payment process
1424,2383843,Billing disputes
1425,2426468,Shopping for a loan or lease
1426,2440163,Cont'd attempts collect debt not owed
1427,2427396,Disclosure verification of debt
1428,2442886,"Account opening, closing, or management"
1429,2367504,"Loan servicing, payments, escrow account"
1430,2410449,Incorrect information on credit report
1431,2424584,Credit reporting company's investigation
1432,2395093,Improper use of my credit report
1433,2426933,Problems when you are unable to pay
1434,2418437,Incorrect information on credit report
1435,2440441,Advertising and marketing
1436,2505758,Improper use of your report
1437,2403691,Cont'd attempts collect debt not owed
1438,2438060,Disclosure verification of debt
1439,2396479,Incorrect information on credit report
1440,2385786,Cont'd attempts collect debt not owed
1441,2432776,Incorrect information on credit report
1442,2429489,Using a debit or ATM card
1443,2534683,Incorrect information on your report
1444,2469433,Incorrect information on your report
1445,2446418,Unauthorized transactions/trans. issues
1446,2562014,Problem with a credit reporting company's investigation into an existing problem
1447,2446554,Managing the loan or lease
1448,2465322,Problem with a purchase shown on your statement
1449,2468952,Written notification about debt
1450,2552145,Incorrect information on your report
1451,2435406,"Loan modification,collection,foreclosure"
1452,2473397,Fees or interest
1453,2384683,Incorrect information on credit report
1454,1607800,"Application, originator, mortgage broker"
1455,2431419,Deposits and withdrawals
1456,2421481,Incorrect information on credit report
1457,2447332,Disclosure verification of debt
1458,2564921,Problem with a credit reporting company's investigation into an existing problem
1459,2054283,Using a debit or ATM card
1460,2433147,Rewards
1461,2382903,"Loan servicing, payments, escrow account"
1462,2396628,Incorrect information on credit report
1463,2441053,Deposits and withdrawals
1464,2441256,"Loan modification,collection,foreclosure"
1465,2435447,"Making/receiving payments, sending money"
1466,2435477,"Loan modification,collection,foreclosure"
1467,2491074,Applying for a mortgage or refinancing an existing mortgage
1468,2499166,Charged fees or interest you didn't expect
1469,2483952,Attempts to collect debt not owed
1470,2418892,Credit monitoring or identity protection
1471,2479898,Incorrect information on your report
1472,2564046,Improper use of your report
1473,2384549,Cont'd attempts collect debt not owed
1474,2466453,Incorrect information on your report
1475,2562673,Incorrect information on your report
1476,2409745,Charged fees or interest I didn't expect
1477,2286644,Communication tactics
1478,2474468,Written notification about debt
1479,2416740,"Making/receiving payments, sending money"
1480,2563618,Attempts to collect debt not owed
1481,2440191,Incorrect information on credit report
1482,2187221,Communication tactics
1483,2565043,Incorrect information on your report
1484,2411769,"Loan modification,collection,foreclosure"
1485,2490323,Incorrect information on your report
1486,2478098,Incorrect information on your report
1487,2572531,Attempts to collect debt not owed
1488,2382964,Improper use of my credit report
1489,2383159,Dealing with my lender or servicer
1490,2438213,Credit reporting company's investigation
1491,2442562,"Account opening, closing, or management"
1492,2238832,Cont'd attempts collect debt not owed
1493,2473757,Improper use of your report
1494,2384543,Cont'd attempts collect debt not owed
1495,2379542,Communication tactics
1496,2484106,Problem with a credit reporting company's investigation into an existing problem
1497,2471942,Incorrect information on your report
1498,2472900,Problem with a credit reporting company's investigation into an existing problem
1499,2390451,Incorrect information on credit report
1500,2431692,"Loan modification,collection,foreclosure"
1501,2492869,Incorrect information on your report
1502,2469070,Incorrect information on your report
1503,2383426,Incorrect information on credit report
1504,2062533,Disclosure verification of debt
1505,2474365,Other transaction problem
1506,2432631,"Loan modification,collection,foreclosure"
1507,2560727,Incorrect information on your report
1508,2433124,"Making/receiving payments, sending money"
1509,2377523,Deposits and withdrawals
1510,2470069,Incorrect information on your report
1511,2475907,Attempts to collect debt not owed
1512,2445331,Settlement process and costs
1513,2471156,Improper use of your report
1514,2445260,Incorrect information on credit report
1515,2406869,Incorrect information on credit report
1516,2467236,Incorrect information on your report
1517,2383227,Credit card protection / Debt protection
1518,2385602,Credit monitoring or identity protection
1519,2491106,Applying for a mortgage
1520,2414506,Incorrect information on credit report
1521,2440984,Identity theft / Fraud / Embezzlement
1522,2251732,Cont'd attempts collect debt not owed
1523,2472067,Incorrect information on your report
1524,2385174,Cont'd attempts collect debt not owed
1525,2471636,Improper use of your report
1526,2435842,Improper use of my credit report
1527,2489323,Struggling to pay mortgage
1528,2476198,Incorrect information on your report
1529,2387114,Incorrect information on credit report
1530,2471021,Problem with a credit reporting company's investigation into an existing problem
1531,2149715,Communication tactics
1532,2382985,Dealing with my lender or servicer
1533,2553703,Improper use of your report
1534,2534785,Incorrect information on your report
1535,2466220,Struggling to repay your loan
1536,2465025,Incorrect information on your report
1537,2561379,Took or threatened to take negative or legal action
1538,2556143,Incorrect information on your report
1539,2400194,Incorrect information on credit report
1540,2397719,Incorrect information on credit report
1541,2428426,"Loan servicing, payments, escrow account"
1542,2465967,Struggling to pay mortgage
1543,2466429,Struggling to pay mortgage
1544,2383141,Credit decision / Underwriting
1545,2432082,"Loan servicing, payments, escrow account"
1546,2470681,Incorrect information on your report
1547,2419906,Incorrect information on credit report
1548,2433128,Incorrect information on credit report
1549,2427678,Deposits and withdrawals
1550,2476150,Charged fees or interest you didn't expect
1551,2474400,Threatened to contact someone or share information improperly
1552,2443799,Credit reporting company's investigation
1553,2410559,Credit reporting company's investigation
1554,2481161,Incorrect information on your report
1555,2476924,Improper use of your report
1556,2382610,Taking out the loan or lease
1557,2412005,Incorrect information on credit report
1558,2385072,Disclosure verification of debt
1559,2400480,"Account opening, closing, or management"
1560,2384926,Disclosure verification of debt
1561,2495249,Improper use of your report
1562,2464833,Problem with a purchase shown on your statement
1563,2421996,Charged fees or interest I didn't expect
1564,2446811,Deposits and withdrawals
1565,2004070,Incorrect information on credit report
1566,2383049,Deposits and withdrawals
1567,1474077,Incorrect information on credit report
1568,2565068,Improper use of your report
1569,2467897,Credit monitoring or identity theft protection services
1570,2481626,Attempts to collect debt not owed
1571,2465271,Problem with a credit reporting company's investigation into an existing problem
1572,2383019,Cont'd attempts collect debt not owed
1573,2417631,Can't stop charges to bank account
1574,2466848,"Other features, terms, or problems"
1575,2435243,Taking out the loan or lease
1576,2438739,"Loan servicing, payments, escrow account"
1577,2445527,"Loan servicing, payments, escrow account"
1578,2402347,Credit reporting company's investigation
1579,2472002,Problem with a purchase shown on your statement
1580,2497737,Incorrect information on your report
1581,2388188,Credit reporting company's investigation
1582,2565045,Struggling to repay your loan
1583,2469952,Improper use of your report
1584,2559659,Incorrect information on your report
1585,2473880,Incorrect information on your report
1586,2445628,"Account opening, closing, or management"
1587,2109585,Taking/threatening an illegal action
1588,2445813,Deposits and withdrawals
1589,2264747,Received a loan I didn't apply for
1590,2493607,Problem with a credit reporting company's investigation into an existing problem
1591,2545502,Incorrect information on your report
1592,2467814,Incorrect information on your report
1593,2399596,Problems when you are unable to pay
1594,2469046,Problem with fraud alerts or security freezes
1595,2469005,Managing an account
1596,2474000,Incorrect information on your report
1597,2466954,Unable to get your credit report or credit score
1598,2475030,Written notification about debt
1599,2564693,Managing an account
1600,2469831,Attempts to collect debt not owed
1601,2568215,Managing an account
1602,2469519,Attempts to collect debt not owed
1603,2476109,Incorrect information on your report
1604,2465048,Incorrect information on your report
1605,2566321,Trouble using the card
1606,2437029,Credit monitoring or identity protection
1607,2441197,Incorrect information on credit report
1608,2465399,Managing an account
1609,2470900,Incorrect information on your report
1610,2551397,Incorrect information on your report
1611,2437459,"Loan modification,collection,foreclosure"
1612,2439956,"Loan servicing, payments, escrow account"
1613,2429675,"Loan servicing, payments, escrow account"
1614,2276047,Taking/threatening an illegal action
1615,2559531,Struggling to pay mortgage
1616,2476590,Incorrect information on your report
1617,2047800,"Loan servicing, payments, escrow account"
1618,2563914,Opening an account
1619,2399197,Incorrect information on credit report
1620,2146133,Communication tactics
1621,2385166,"Loan servicing, payments, escrow account"
1622,2426031,Charged fees or interest I didn't expect
1623,2471707,Struggling to pay mortgage
1624,2474193,False statements or representation
1625,2109080,Incorrect information on credit report
1626,2407254,"Loan modification,collection,foreclosure"
1627,2495820,Incorrect information on your report
1628,2570946,Managing an account
1629,2467346,Problem with a purchase shown on your statement
1630,2478228,Problem with a credit reporting company's investigation into an existing problem
1631,2430452,Incorrect information on credit report
1632,2473321,Written notification about debt
1633,2498738,Improper use of your report
1634,2401172,Credit reporting company's investigation
1635,2445846,Incorrect information on credit report
1636,2445267,"Making/receiving payments, sending money"
1637,2431052,Payment to acct not credited
1638,2563492,Getting a loan
1639,2389199,"Loan servicing, payments, escrow account"
1640,2561132,Applying for a mortgage or refinancing an existing mortgage
1641,2484225,Problem with a credit reporting company's investigation into an existing problem
1642,2494915,Incorrect information on your report
1643,2485543,Incorrect information on your report
1644,2480522,Incorrect information on your report
1645,2551448,Incorrect information on your report
1646,2386067,"Loan servicing, payments, escrow account"
1647,2551402,Incorrect information on your report
1648,2071218,"Application, originator, mortgage broker"
1649,2433728,Unable to get credit report/credit score
1650,2383691,Communication tactics
1651,2470827,Managing the loan or lease
1652,2560114,Incorrect information on your report
1653,2486184,Incorrect information on your report
1654,2467506,Problem with a company's investigation into an existing issue
1655,2472281,Problem with a credit reporting company's investigation into an existing problem
1656,2563489,Opening an account
1657,2470079,"Other features, terms, or problems"
1658,2560846,Incorrect information on your report
1659,2475780,Incorrect information on your report
1660,2441952,"Loan modification,collection,foreclosure"
1661,2445676,Deposits and withdrawals
1662,2335158,Disclosure verification of debt
1663,2382934,Dealing with my lender or servicer
1664,2212552,"Loan servicing, payments, escrow account"
1665,2549795,Attempts to collect debt not owed
1666,2472147,Credit monitoring or identity theft protection services
1667,2488526,Problem with a credit reporting company's investigation into an existing problem
1668,2398552,Credit reporting company's investigation
1669,2437932,"Loan servicing, payments, escrow account"
1670,2436415,"Making/receiving payments, sending money"
1671,2428792,"Loan modification,collection,foreclosure"
1672,2556227,Problem caused by your funds being low
1673,2562117,Incorrect information on your report
1674,2389466,Cont'd attempts collect debt not owed
1675,2418708,Incorrect information on credit report
1676,2434930,Delinquent account
1677,2383240,Credit reporting company's investigation
1678,2470113,Communication tactics
1679,2437596,"Account opening, closing, or management"
1680,2387560,Managing the loan or lease
1681,2431568,"Account opening, closing, or management"
1682,2418125,"Loan servicing, payments, escrow account"
1683,2442838,Incorrect information on credit report
1684,2390180,Incorrect information on credit report
1685,2377275,Dealing with my lender or servicer
1686,2467327,Other service problem
1687,2428949,Other
1688,2374954,"Account opening, closing, or management"
1689,2423705,Incorrect information on credit report
1690,2397819,"Loan servicing, payments, escrow account"
1691,2435263,"Account opening, closing, or management"
1692,2391413,Problems caused by my funds being low
1693,2431431,"Managing, opening, or closing account"
1694,2437082,"Application, originator, mortgage broker"
1695,2433477,Incorrect information on credit report
1696,2432627,"Making/receiving payments, sending money"
1697,2475157,Struggling to repay your loan
1698,2433598,Problems caused by my funds being low
1699,2384338,Dealing with my lender or servicer
1700,2385107,Other
1701,2432391,"Making/receiving payments, sending money"
1702,2384320,Disclosure verification of debt
1703,2383296,Incorrect information on credit report
1704,2383477,Cont'd attempts collect debt not owed
1705,2380529,Other
1706,2471704,Closing your account
1707,2378600,"Account opening, closing, or management"
1708,2388247,Taking out the loan or lease
1709,2476409,Attempts to collect debt not owed
1710,2432828,"Account opening, closing, or management"
1711,2378855,"Loan modification,collection,foreclosure"
1712,2429850,"Account opening, closing, or management"
1713,2481939,Written notification about debt
1714,2432979,Incorrect information on credit report
1715,2436106,Billing disputes
1716,2380270,"Loan servicing, payments, escrow account"
1717,2564146,Incorrect information on your report
1718,2378536,Taking out the loan or lease
1719,2428385,Disclosure verification of debt
1720,2433770,Credit reporting company's investigation
1721,2445722,Incorrect information on credit report
1722,2469304,Incorrect information on your report
1723,2384882,Charged fees or interest I didn't expect
1724,2567444,Incorrect information on your report
1725,2386333,Disclosure verification of debt
1726,2434044,Incorrect information on credit report
1727,2429329,Using a debit or ATM card
1728,2435182,"Account opening, closing, or management"
1729,2441181,Credit reporting company's investigation
1730,2427906,Incorrect information on credit report
1731,2470804,Improper use of your report
1732,2388438,Incorrect information on credit report
1733,2415328,Incorrect information on credit report
1734,2383516,"Loan servicing, payments, escrow account"
1735,2383736,Dealing with my lender or servicer
1736,2382176,"Account opening, closing, or management"
1737,2421572,Incorrect information on credit report
1738,2417008,Incorrect information on credit report
1739,2325894,"Loan servicing, payments, escrow account"
1740,2383805,Communication tactics
1741,2384349,"Loan servicing, payments, escrow account"
1742,2433644,Incorrect information on credit report
1743,2443731,Incorrect information on credit report
1744,2443309,Customer service / Customer relations
1745,2431207,Payoff process
1746,2430880,Incorrect information on credit report
1747,2436707,Incorrect information on credit report
1748,2387584,Disclosure verification of debt
1749,2389804,"Loan servicing, payments, escrow account"
1750,2447094,Disclosure verification of debt
1751,2396560,Incorrect information on credit report
1752,2414482,Incorrect information on credit report
1753,2384993,"Loan servicing, payments, escrow account"
1754,2397139,Can't repay my loan
1755,2445697,"Account opening, closing, or management"
1756,2385953,Cash advance
1757,2384929,"Loan modification,collection,foreclosure"
1758,2384090,"Loan servicing, payments, escrow account"
1759,2133409,Incorrect information on credit report
1760,2475380,Written notification about debt
1761,2383369,Cont'd attempts collect debt not owed
1762,2431838,Incorrect information on credit report
1763,2395152,"Account opening, closing, or management"
1764,2433970,APR or interest rate
1765,2435608,"Loan modification,collection,foreclosure"
1766,2482815,Incorrect information on your report
1767,2386202,Other fee
1768,2433275,Billing disputes
1769,2468708,Incorrect information on your report
1770,2429032,"Account opening, closing, or management"
1771,2378621,Unable to get credit report/credit score
1772,2433237,Incorrect information on credit report
1773,2440330,Problems caused by my funds being low
1774,2464841,Managing the loan or lease
1775,2470741,Incorrect information on your report
1776,2379724,Settlement process and costs
1777,2431902,"Loan servicing, payments, escrow account"
1778,2429815,Problems caused by my funds being low
1779,2396525,Incorrect information on credit report
1780,2440818,Unsolicited issuance of credit card
1781,2473208,Problem with a credit reporting company's investigation into an existing problem
1782,2386548,Deposits and withdrawals
1783,2371674,Dealing with my lender or servicer
1784,2435236,Incorrect information on credit report
1785,2434898,Deposits and withdrawals
1786,2384584,Payment to acct not credited
1787,2384389,Dealing with my lender or servicer
1788,2440169,Incorrect information on credit report
1789,2413917,Improper use of my credit report
1790,2436298,"Making/receiving payments, sending money"
1791,2380905,"Loan modification,collection,foreclosure"
1792,2469388,Incorrect information on your report
1793,2431465,Using a debit or ATM card
1794,2305633,"Loan servicing, payments, escrow account"
1795,2380519,Can't repay my loan
1796,2550297,Written notification about debt
1797,2432369,Incorrect information on credit report
1798,2439437,Incorrect information on credit report
1799,2471152,Struggling to pay mortgage
1800,2431170,Incorrect information on credit report
1801,2396719,Disclosure verification of debt
1802,2564408,Managing an account
1803,2476778,Attempts to collect debt not owed
1804,2383213,Billing disputes
1805,2391379,"Loan modification,collection,foreclosure"
1806,2431324,Incorrect information on credit report
1807,2465219,Struggling to pay mortgage
1808,2442847,"Loan servicing, payments, escrow account"
1809,2384980,Billing disputes
1810,2492761,Problem with a purchase shown on your statement
1811,2394122,Cont'd attempts collect debt not owed
1812,2469991,False statements or representation
1813,2472784,Unable to get your credit report or credit score
1814,2412681,Incorrect information on credit report
1815,2465799,Struggling to repay your loan
1816,2432100,"Loan servicing, payments, escrow account"
1817,2472310,Credit monitoring or identity theft protection services
1818,2477614,Problem with a credit reporting company's investigation into an existing problem
1819,2434012,Billing statement
1820,2480082,Problem with a credit reporting company's investigation into an existing problem
1821,2432301,Incorrect information on credit report
1822,2384123,Improper contact or sharing of info
1823,2471162,Other transaction problem
1824,2386345,Cont'd attempts collect debt not owed
1825,2383838,Cont'd attempts collect debt not owed
1826,2436396,"Account opening, closing, or management"
1827,2414082,"Loan modification,collection,foreclosure"
1828,2441329,Other
1829,1343229,Cont'd attempts collect debt not owed
1830,2467733,Applying for a mortgage or refinancing an existing mortgage
1831,2469051,Struggling to pay mortgage
1832,2403774,Disclosure verification of debt
1833,2428350,Credit reporting company's investigation
1834,2434105,"Account opening, closing, or management"
1835,2434556,"Account opening, closing, or management"
1836,2401180,Disclosure verification of debt
1837,2426292,"Account opening, closing, or management"
1838,2434980,Deposits and withdrawals
1839,2433667,Problems caused by my funds being low
1840,2380510,"Loan modification,collection,foreclosure"
1841,2382907,Cont'd attempts collect debt not owed
1842,2380896,Incorrect information on credit report
1843,2572891,Attempts to collect debt not owed
1844,2444538,Unable to get credit report/credit score
1845,2433583,"Application, originator, mortgage broker"
1846,2434414,Transaction issue
1847,2384381,Managing the loan or lease
1848,2406306,"Application, originator, mortgage broker"
1849,2391424,Customer service / Customer relations
1850,2496762,Problem with a credit reporting company's investigation into an existing problem
1851,2383229,Settlement process and costs
1852,2056968,False statements or representation
1853,2379667,Cont'd attempts collect debt not owed
1854,2447445,Billing disputes
1855,2430941,Wrong amount charged or received
1856,2470686,Unable to get your credit report or credit score
1857,2415857,Other transaction issues
1858,2468299,Problem with a credit reporting company's investigation into an existing problem
1859,2416482,Incorrect information on credit report
1860,2431433,Incorrect information on credit report
1861,2386890,Disclosure verification of debt
1862,2385868,"Loan servicing, payments, escrow account"
1863,2386283,Dealing with my lender or servicer
1864,2400800,Sale of account
1865,2376713,Credit reporting company's investigation
1866,2470115,Closing an account
1867,2413273,"Loan modification,collection,foreclosure"
1868,2480892,Threatened to contact someone or share information improperly
1869,2385178,Using a debit or ATM card
1870,2385715,Problems caused by my funds being low
1871,2385707,Using a debit or ATM card
1872,2338874,Can't repay my loan
1873,2418167,Credit reporting company's investigation
1874,2340538,Taking/threatening an illegal action
1875,2386454,Problems caused by my funds being low
1876,2381406,Dealing with my lender or servicer
1877,2385492,Cont'd attempts collect debt not owed
1878,2386137,Other
1879,2387483,Taking out the loan or lease
1880,2386771,False statements or representation
1881,2381632,Communication tactics
1882,2415945,Incorrect information on credit report
1883,2439285,Incorrect information on credit report
1884,2491477,Applying for a mortgage or refinancing an existing mortgage
1885,2470988,Incorrect information on your report
1886,2383137,Managing the loan or lease
1887,2387581,"Loan servicing, payments, escrow account"
1888,2389590,Deposits and withdrawals
1889,2388186,Dealing with my lender or servicer
1890,2384757,Dealing with my lender or servicer
1891,2386488,Dealing with my lender or servicer
1892,2431588,Incorrect information on credit report
1893,2383671,Cont'd attempts collect debt not owed
1894,2385329,Cont'd attempts collect debt not owed
1895,2554509,Managing an account
1896,2411491,Incorrect information on credit report
1897,2386682,Other
1898,2386691,Dealing with my lender or servicer
1899,2467921,Trouble during payment process
1900,2386697,Dealing with my lender or servicer
1901,2419908,Incorrect information on credit report
1902,2382144,Disclosure verification of debt
1903,2385744,Deposits and withdrawals
1904,2409311,Incorrect information on credit report
1905,2350836,Improper contact or sharing of info
1906,2389558,"Loan modification,collection,foreclosure"
1907,2367405,Communication tactics
1908,2386251,Dealing with my lender or servicer
1909,2386367,Delinquent account
1910,2388359,Cont'd attempts collect debt not owed
1911,2388936,Dealing with my lender or servicer
1912,2383067,Incorrect information on credit report
1913,2388079,Improper contact or sharing of info
1914,2347302,Disclosure verification of debt
1915,2389314,"Loan servicing, payments, escrow account"
1916,2388195,Cont'd attempts collect debt not owed
1917,2388376,Problems caused by my funds being low
1918,2383702,Incorrect information on credit report
1919,2444201,"Loan modification,collection,foreclosure"
1920,2388233,Customer service / Customer relations
1921,2387555,Cont'd attempts collect debt not owed
1922,2367617,Dealing with my lender or servicer
1923,20645,"Application, originator, mortgage broker"
1924,2385141,False statements or representation
1925,2475839,Trouble during payment process
1926,2364610,"Loan servicing, payments, escrow account"
1927,2388495,Cont'd attempts collect debt not owed
1928,2388381,"Loan modification,collection,foreclosure"
1929,2386401,Deposits and withdrawals
1930,2385578,Improper contact or sharing of info
1931,2385089,"Loan servicing, payments, escrow account"
1932,2188660,Disclosure verification of debt
1933,2384525,Cont'd attempts collect debt not owed
1934,2391112,Cont'd attempts collect debt not owed
1935,2386344,Incorrect information on credit report
1936,2416985,Incorrect information on credit report
1937,2390604,Dealing with my lender or servicer
1938,2471896,Struggling to pay mortgage
1939,2436935,"Account opening, closing, or management"
1940,1631134,Using a debit or ATM card
1941,2563426,Problem getting a card or closing an account
1942,1542223,Fraud or scam
1943,2389108,Incorrect information on credit report
1944,2471122,Opening an account
1945,2385340,Problems when you are unable to pay
1946,2423934,Credit monitoring or identity protection
1947,2404202,Managing the loan or lease
1948,2439682,"Loan servicing, payments, escrow account"
1949,2389712,Disclosure verification of debt
1950,2389967,Deposits and withdrawals
1951,2420260,"Loan modification,collection,foreclosure"
1952,2438811,Unable to get credit report/credit score
1953,2468293,Fees or interest
1954,2388221,"Account opening, closing, or management"
1955,2465002,Took or threatened to take negative or legal action
1956,2487833,Problem with a credit reporting company's investigation into an existing problem
1957,2479736,Communication tactics
1958,2555815,Incorrect information on your report
1959,2440445,Using a debit or ATM card
1960,2443779,"Loan modification,collection,foreclosure"
1961,2422448,"Loan modification,collection,foreclosure"
1962,2392010,Incorrect information on credit report
1963,2389585,Cont'd attempts collect debt not owed
1964,2440710,Shopping for a loan or lease
1965,2476207,Dealing with your lender or servicer
1966,2395500,Disclosure verification of debt
1967,2555028,Incorrect information on your report
1968,2437730,Incorrect information on credit report
1969,2484574,Took or threatened to take negative or legal action
1970,2436245,"Account opening, closing, or management"
1971,2386699,Incorrect information on credit report
1972,2467931,Problem caused by your funds being low
1973,2439935,Credit decision / Underwriting
1974,2417911,Problems caused by my funds being low
1975,2271684,"Loan servicing, payments, escrow account"
1976,2387927,"Loan modification,collection,foreclosure"
1977,2476379,Incorrect information on your report
1978,2389440,Problems when you are unable to pay
1979,2375290,Dealing with my lender or servicer
1980,2469211,Managing an account
1981,2388646,Improper contact or sharing of info
1982,2435925,Incorrect information on credit report
1983,2348514,Cont'd attempts collect debt not owed
1984,2445572,Credit reporting company's investigation
1985,2421378,Credit reporting company's investigation
1986,2467901,Trouble during payment process
1987,2480260,Improper use of your report
1988,2426745,Incorrect information on credit report
1989,2467282,Incorrect information on your report
1990,2483836,Attempts to collect debt not owed
1991,2433270,Disclosure verification of debt
1992,2471308,Improper use of your report
1993,2390776,"Loan servicing, payments, escrow account"
1994,2472981,Incorrect information on your report
1995,2423229,Incorrect information on credit report
1996,2567431,Struggling to repay your loan
1997,2404186,Credit reporting company's investigation
1998,2397947,Incorrect information on credit report
1999,2466577,Managing an account
